Category,Requirement,Priority,Notes
Development,Story Protocol SDK,High,TypeScript or Python SDK
Development,Agent Framework,High,"Choose from Eliza, GOAT, LangChain, etc."
Development,Web3 Wallet,High,For agent transaction capabilities
Infrastructure,IPFS Storage,Medium,For content and metadata storage
Infrastructure,TEE Support,Medium,For secure key management
Security,MCP Integration,Medium,Model Context Protocol for standardization
Testing,Testnet Access,High,Story Protocol testnet environment
Deployment,Smart Contract Tools,Medium,For custom contract deployment
Monitoring,Analytics Tools,Low,For agent performance tracking
